id,title,content,category
1,Introduction to Machine Learning,Machine Learning is a subset of artificial intelligence that enables systems to learn and improve from experience without being explicitly programmed. It focuses on developing algorithms that can access data and use it to learn for themselves.,technology
2,Deep Learning Fundamentals,Deep Learning is part of a broader family of machine learning methods based on artificial neural networks. It uses multiple layers to progressively extract higher-level features from raw input.,technology
3,Natural Language Processing,NLP is a field of AI that gives machines the ability to read understand and derive meaning from human languages. Applications include sentiment analysis machine translation and chatbots.,technology
4,Computer Vision Applications,Computer Vision enables computers to derive meaningful information from digital images videos and other visual inputs. It powers applications like facial recognition autonomous vehicles and medical imaging.,technology
5,Reinforcement Learning,Reinforcement Learning is an area of ML where an agent learns to make decisions by taking actions in an environment to maximize cumulative reward. Its used in game playing robotics and autonomous systems.,technology
6,Data Science Best Practices,Data Science combines domain expertise programming skills and knowledge of mathematics and statistics to extract meaningful insights from data. Key practices include proper data cleaning feature engineering and model validation.,technology
7,Python for Data Analysis,Python is the most popular programming language for data analysis due to its simplicity and powerful libraries like Pandas NumPy and Scikit-learn. It enables efficient data manipulation and visualization.,programming
8,JavaScript Modern Features,JavaScript ES6 and beyond introduced many powerful features including arrow functions template literals destructuring spread operators and async/await for handling asynchronous operations elegantly.,programming
9,Database Design Principles,Good database design ensures data integrity reduces redundancy and improves query performance. Key principles include normalization proper indexing and choosing appropriate data types.,programming
10,API Development Guide,RESTful APIs should follow consistent naming conventions use proper HTTP methods implement pagination for large datasets and include comprehensive error handling and documentation.,programming

